TICID,time_to_run,split_searches
235683377,1788.351760149002,"(array([    0,     1,     2, ..., 48694, 48695, 48696]),)"
TICID,time_to_run,split_searches
235683377,1680.1867954730988,"(array([    0,     1,     2, ..., 48694, 48695, 48696]),)"
TICID,time_to_run,split_searches
235683377,1755.3081090450287,"(array([    0,     1,     2, ..., 48694, 48695, 48696]),)"
TICID,time_to_run,split_searches
235683377,1873.2512650489807,"(array([    0,     1,     2, ..., 48694, 48695, 48696]),)"
