TICID,time_to_run,split_searches
261257684,7041.949533700943,"(array([   13,    14,    15, ..., 12137, 12138, 12139]),)"
TICID,time_to_run,split_searches
261257684,6433.459267139435,"(array([   13,    14,    15, ..., 12137, 12138, 12139]),)"
TICID,time_to_run,split_searches
261257684,6631.456590652466,"(array([   13,    14,    15, ..., 12137, 12138, 12139]),)"
TICID,time_to_run,split_searches
261257684,7670.162003040314,"(array([   13,    14,    15, ..., 12137, 12138, 12139]),)"
