TICID,time_to_run,split_searches
34068865,6732.199908494949,"(array([  52,   53,   54, ..., 6358, 6359, 6360]),)"
TICID,time_to_run,split_searches
34068865,5758.834322214127,"(array([  52,   53,   54, ..., 6358, 6359, 6360]),)"
TICID,time_to_run,split_searches
34068865,5934.518542289734,"(array([  52,   53,   54, ..., 6358, 6359, 6360]),)"
TICID,time_to_run,split_searches
34068865,6162.943276643753,"(array([  52,   53,   54, ..., 6358, 6359, 6360]),)"
