TICID,time_to_run,split_searches
396562848,6054.26401424408,"(array([    0,     1,     2, ..., 10774, 10775, 10776]),)"
TICID,time_to_run,split_searches
396562848,7644.400237560272,"(array([    0,     1,     2, ..., 10774, 10775, 10776]),)"
