TICID,RA,DEC,Vmag,Jmag,Tmag,Teff,eTeff_x,Rad,eRad,Mass,eMass,Rho,eRho,Dist,eDist,ContRatio,S1,S2,S3,S4,S5,S6,S7,S8,S9,S10,S11,S12,S13,S14,S15,S16,S17,S18,S19,S20,S21,S22,S23,S24,S25,S26,S27,S28,S29,S30,S31,S32,S33,S34,S35,S36,S37,S38,S39,S40,S41,S42,S43,S44,S45,S46,S47,S48,S49,S50,S51,S52,S53,S54,S55,eTeff_y,logg,elogg,M/H,eM/H,GAIA,aLSM,bLSM
335590096.0,183.564744730401,-13.1748173085103,16.469999,12.056,13.7726,3237.0,157.0,0.352907,0.0109618,0.33756599,0.020531399,7.6802902,0.24814899,80.142303,0.64300001,0.0075661344,0.0,0.0,0.0,0.0,0.0,0.0,0.0,0.0,0.0,10.0,0.0,0.0,0.0,0.0,0.0,0.0,0.0,0.0,0.0,0.0,0.0,0.0,0.0,0.0,0.0,0.0,0.0,0.0,0.0,0.0,0.0,0.0,0.0,0.0,0.0,10.0,0.0,0.0,0.0,0.0,0.0,0.0,0.0,0.0,0.0,10.0,0.0,0.0,0.0,0.0,0.0,0.0,0.0,0.0,0.0,157.0,4.87111,0.000541054,,,3.571038605366264e+18,0.1533,0.4776
