TICID,time_to_run,split_searches
307210830,7716.639018297195,"(array([   25,    26,    27, ..., 30389, 30390, 30391]),)"
TICID,time_to_run,split_searches
307210830,6543.344640493393,"(array([   25,    26,    27, ..., 30389, 30390, 30391]),)"
TICID,time_to_run,split_searches
307210830,6679.411780357361,"(array([   25,    26,    27, ..., 30389, 30390, 30391]),)"
TICID,time_to_run,split_searches
307210830,6591.271830797195,"(array([   25,    26,    27, ..., 30389, 30390, 30391]),)"
