TICID,time_to_run,split_searches
153951307,7505.9316239356995,"(array([   44,    45,    46, ..., 10326, 10327, 10328]),)"
TICID,time_to_run,split_searches
153951307,7208.06001162529,"(array([   44,    45,    46, ..., 10326, 10327, 10328]),)"
TICID,time_to_run,split_searches
153951307,7420.246705293655,"(array([   44,    45,    46, ..., 10326, 10327, 10328]),)"
TICID,time_to_run,split_searches
153951307,7144.165329217911,"(array([   44,    45,    46, ..., 10326, 10327, 10328]),)"
