TICID,time_to_run,split_searches
172370679,10557.937533378601,"(array([    0,     1,     2, ..., 12419, 12420, 12421]),)"
TICID,time_to_run,split_searches
172370679,9890.225728750229,"(array([    0,     1,     2, ..., 12419, 12420, 12421]),)"
TICID,time_to_run,split_searches
172370679,10325.808856725693,"(array([    0,     1,     2, ..., 12419, 12420, 12421]),)"
TICID,time_to_run,split_searches
172370679,10702.528408050537,"(array([    0,     1,     2, ..., 12419, 12420, 12421]),)"
