TICID,time_to_run,split_searches
20182780,5697.201863288879,"(array([  33,   34,   35, ..., 5807, 5808, 5809]),)"
TICID,time_to_run,split_searches
20182780,6111.489364862442,"(array([  33,   34,   35, ..., 5807, 5808, 5809]),)"
TICID,time_to_run,split_searches
20182780,5785.149687290192,"(array([  33,   34,   35, ..., 5807, 5808, 5809]),)"
TICID,time_to_run,split_searches
20182780,6695.7807631492615,"(array([  33,   34,   35, ..., 5807, 5808, 5809]),)"
