TICID,time_to_run,split_searches
233602827,11697.4692568779,"(array([   22,    23,    24, ..., 47738, 47739, 47740]),)"
TICID,time_to_run,split_searches
233602827,11076.17858338356,"(array([   22,    23,    24, ..., 47738, 47739, 47740]),)"
TICID,time_to_run,split_searches
233602827,10954.85757470131,"(array([   22,    23,    24, ..., 47738, 47739, 47740]),)"
TICID,time_to_run,split_searches
233602827,10793.336088180542,"(array([   22,    23,    24, ..., 47738, 47739, 47740]),)"
