TICID,time_to_run,split_searches
271971130,2274.371615409851,"(array([   22,    23,    24, ..., 46241, 46242, 46243]),)"
TICID,time_to_run,split_searches
271971130,2395.334465265274,"(array([   22,    23,    24, ..., 46241, 46242, 46243]),)"
TICID,time_to_run,split_searches
271971130,2273.1197893619537,"(array([   22,    23,    24, ..., 46241, 46242, 46243]),)"
