TICID,RA,DEC,Vmag,Jmag,Tmag,Teff,eTeff_x,Rad,eRad,Mass,eMass,Rho,eRho,Dist,eDist,ContRatio,S1,S2,S3,S4,S5,S6,S7,S8,S9,S10,S11,S12,S13,S14,S15,S16,S17,S18,S19,S20,S21,S22,S23,S24,S25,S26,S27,S28,S29,S30,S31,S32,S33,S34,S35,S36,S37,S38,S39,S40,S41,S42,S43,S44,S45,S46,S47,S48,S49,S50,S51,S52,S53,S54,S55,eTeff_y,logg,elogg,M/H,eM/H,GAIA,aLSM,bLSM
186810676.0,46.7804646140334,40.1473262901169,14.639,11.679,12.9386,3848.0,157.0,0.627514,0.0186518,0.60997999,0.0202845,2.46857,0.138245,152.21899,1.1895,0.11990334,0.0,0.0,0.0,0.0,0.0,0.0,0.0,0.0,0.0,0.0,0.0,0.0,0.0,0.0,0.0,0.0,0.0,10.0,0.0,0.0,0.0,0.0,0.0,0.0,0.0,0.0,0.0,0.0,0.0,0.0,0.0,0.0,0.0,0.0,0.0,0.0,0.0,0.0,0.0,0.0,0.0,0.0,0.0,0.0,0.0,0.0,0.0,0.0,0.0,0.0,0.0,0.0,0.0,0.0,0.0,157.0,4.62814,0.0113774,,,2.3905015305149427e+17,0.2581,0.3609
