TICID,time_to_run,split_searches
299798795,8691.689433336258,"(array([  106,   107,   108, ..., 12339, 12340, 12341]),)"
TICID,time_to_run,split_searches
299798795,7414.724511384964,"(array([  106,   107,   108, ..., 12339, 12340, 12341]),)"
TICID,time_to_run,split_searches
299798795,7686.07403421402,"(array([  106,   107,   108, ..., 12339, 12340, 12341]),)"
TICID,time_to_run,split_searches
299798795,8872.895677089691,"(array([  106,   107,   108, ..., 12339, 12340, 12341]),)"
