,TICID,t0,per,depth,converged,conv_on_run
0,103633434,1683.6224602661903,3.4446778887846325,0.0008351988955357856,False,
