,TICID,t0,per,depth,converged,conv_on_run
0,103633434,1847.8161780585344,24.439488670633224,0.0017734884504771785,False,
