,TICID,t0,per,depth,converged,conv_on_run
0,103633434,1684.7691264316195,42.12707599517478,0.0021921398744512537,False,
