,TICID,t0,per,depth,converged,conv_on_run
0,103633434,1689.4244602661904,14.91622721045165,0.0017216063195510864,False,
