,TICID,t0,per,depth,converged,conv_on_run
0,126606859,1711.50212007255,1.1589127894044375,0.0033903714957661066,False,
