,TICID,t0,per,depth,converged,conv_on_run
0,142748283,2744.740026612032,13.80656757588172,0.011020482639619104,False,
