,TICID,t0,per,depth,converged,conv_on_run
0,142748283,2407.729112357558,29.44662709243593,0.0077086061357729725,False,
