,TICID,t0,per,depth,converged,conv_on_run
0,142748283,2401.7131123575577,20.438302904213458,0.007306593492397779,False,
