,TICID,t0,per,depth,converged,conv_on_run
0,150428135,2122.454854933655,42.87511187244978,0.0014091499762440734,False,
