,TICID,t0,per,depth,converged,conv_on_run
0,150428135,2247.0568730949394,,0.9938134556505914,False,
