,TICID,t0,per,depth,converged,conv_on_run
0,153065527,2126.410447168707,13.019552831292913,0.002674942122946754,False,
