,TICID,t0,per,depth,converged,conv_on_run
0,153065527,1388.5930003752976,38.836444902167536,0.001691542419040974,False,
