,TICID,t0,per,depth,converged,conv_on_run
0,153065527,1385.3980003752974,3.3073999761883655,0.0009949684678910034,False,
