,TICID,t0,per,depth,converged,conv_on_run
0,153065527,1383.2710003752975,13.266620332917531,0.005014126813188,False,
