,TICID,t0,per,depth,converged,conv_on_run
0,153951307,1688.2302702804461,21.675914410911787,0.0018557270488404514,False,
