,TICID,t0,per,depth,converged,conv_on_run
0,153951307,1709.863795804786,26.87502471008456,0.001983932046711804,False,
