,TICID,t0,per,depth,converged,conv_on_run
0,153951307,1694.860795804786,47.571070627831226,0.0020243440223733484,False,
