,TICID,t0,per,depth,converged,conv_on_run
0,153951307,1683.650795804786,25.552361421105466,0.0022029848932116885,False,
