,TICID,t0,per,depth,converged,conv_on_run
0,153951307,1684.285795804786,3.294768336818663,0.001509620597873869,False,
