,TICID,t0,per,depth,converged,conv_on_run
0,153951307,1708.6406262363455,38.44085884783174,0.003824743661439004,False,
