,TICID,t0,per,depth,converged,conv_on_run
0,158588995,1546.5050216866814,1.9771514674979715,0.013042927090138007,False,
