,TICID,t0,per,depth,converged,conv_on_run
0,16005254,2474.806556288949,23.562985979289095,0.004958965443315757,False,
