,TICID,t0,per,depth,converged,conv_on_run
0,166184428,2346.0694097300902,13.243671145323704,0.005594238005074312,False,
