,TICID,t0,per,depth,converged,conv_on_run
0,166184428,1609.7883366870794,2.3283366870794,0.003682491056991139,False,
