,TICID,t0,per,depth,converged,conv_on_run
0,172370679,2787.369910698088,35.06139039198733,0.010621680968867725,False,
