,TICID,t0,per,depth,converged,conv_on_run
0,172370679,2424.412704510794,17.006356080970047,0.0042809138661844374,False,
