,TICID,t0,per,depth,converged,conv_on_run
0,172370679,1712.2060939873243,29.083480931990326,0.03135134779701427,False,
