,TICID,t0,per,depth,converged,conv_on_run
0,172370679,2439.3310624175183,,0.953231702065097,False,
