,TICID,t0,per,depth,converged,conv_on_run
0,172370679,2780.423910698088,25.966028661260793,0.00458761285924293,False,
