,TICID,t0,per,depth,converged,conv_on_run
0,172370679,2421.325704510794,19.072876737600218,0.004914781173037917,False,
