,TICID,t0,per,depth,converged,conv_on_run
0,172370679,2793.448910698088,26.965088496647788,0.007668241106291759,False,
