,TICID,t0,per,depth,converged,conv_on_run
0,172370679,2788.307959038905,,0.9293701405905486,False,
