,TICID,t0,per,depth,converged,conv_on_run
0,172370679,1687.3937685309024,24.56714952857928,0.019778467065238736,False,
