,TICID,t0,per,depth,converged,conv_on_run
0,172370679,2772.328720211057,,0.9698713851302256,False,
