,TICID,t0,per,depth,converged,conv_on_run
0,172370679,2774.358910698088,22.5244537157706,0.007483547037294045,False,
