,TICID,t0,per,depth,converged,conv_on_run
0,172370679,2788.2999106980883,29.089102349377193,0.04336832405383312,False,
