,TICID,t0,per,depth,converged,conv_on_run
0,172370679,1710.1830939873244,26.945730958094565,0.029050515981807145,False,
