,TICID,t0,per,depth,converged,conv_on_run
0,172370679,2425.428704510794,13.78649799228378,0.018891489268148227,False,
