,TICID,t0,per,depth,converged,conv_on_run
0,172370679,2786.358910698088,32.021256703848614,0.007060569869548704,False,
