,TICID,t0,per,depth,converged,conv_on_run
0,178709444,1576.1412827678644,3.4717280383114693,0.028478656393072628,False,
