,TICID,t0,per,depth,converged,conv_on_run
0,18318288,2731.602433149302,35.52740900886265,0.004993507945112858,False,
