,TICID,t0,per,depth,converged,conv_on_run
0,18318288,2725.996223779157,19.19533942631087,0.0057680076756868185,False,
