,TICID,t0,per,depth,converged,conv_on_run
0,18318288,2732.719223779157,20.236980615645113,0.004241254793930877,False,
