,TICID,t0,per,depth,converged,conv_on_run
0,18318288,2718.8124331493023,16.693614246616878,0.004336987677736834,False,
