,TICID,t0,per,depth,converged,conv_on_run
0,193336820,2426.1677455598397,7.592145447691013,0.0008026440425571937,False,
