,TICID,t0,per,depth,converged,conv_on_run
0,193634953,2010.6266677706144,49.74446983319652,0.02201686765988349,False,
