,TICID,t0,per,depth,converged,conv_on_run
0,198385543,2681.2073925870504,,0.9892493464710815,False,
