,TICID,t0,per,depth,converged,conv_on_run
0,198385543,2707.3968890438605,,0.9852473891333271,False,
