,TICID,t0,per,depth,converged,conv_on_run
0,198385543,1778.0168324387068,16.144000037951614,0.0008265421018410059,False,
