,TICID,t0,per,depth,converged,conv_on_run
0,200322593,1418.0942003422024,38.556283750835554,0.002539487101982226,False,
