,TICID,t0,per,depth,converged,conv_on_run
0,200322593,2151.643141581304,22.552992933632023,0.0018991043075331385,False,
