,TICID,t0,per,depth,converged,conv_on_run
0,200322593,2161.0601415813044,32.07329202534484,0.0013389492956350532,False,
