,TICID,t0,per,depth,converged,conv_on_run
0,200322593,2145.106141581304,24.717433440847124,0.0018896846631460498,False,
