,TICID,t0,per,depth,converged,conv_on_run
0,200322593,1413.0412003422025,32.71411581186852,0.0026021470619080845,False,
