,TICID,t0,per,depth,converged,conv_on_run
0,200322593,2152.3951415813044,23.28897185916186,0.0011704552189486885,False,
