,TICID,t0,per,depth,converged,conv_on_run
0,200322593,1430.4722003422023,29.060018050800277,0.0018828615623358274,False,
