,TICID,t0,per,depth,converged,conv_on_run
0,200322593,2147.293141581304,21.054656038620337,0.0011303537032523415,False,
