,TICID,t0,per,depth,converged,conv_on_run
0,200322593,1414.4892003422024,40.674899194939734,0.003092884924350291,False,
