,TICID,t0,per,depth,converged,conv_on_run
0,200322593,1413.0322003422025,4.3618543424470015,0.0013485503760408682,False,
