,TICID,t0,per,depth,converged,conv_on_run
0,201177276,2067.931952798756,,0.94451424214869,False,
