,TICID,t0,per,depth,converged,conv_on_run
0,201177276,1348.2975526721352,,0.9102638039957363,False,
