,TICID,t0,per,depth,converged,conv_on_run
0,201177276,2062.46399737388,5.4691800160688455,0.0338538687727241,False,
