,TICID,t0,per,depth,converged,conv_on_run
0,201177276,1329.5661300854065,5.469392642825123,0.03395352988721722,False,
