,TICID,t0,per,depth,converged,conv_on_run
0,20182780,1944.5090422627,23.35774832161728,0.014617712723481793,False,
