,TICID,t0,per,depth,converged,conv_on_run
0,20182780,1938.9920422627,16.4835465604527,0.025107876699475017,False,
