,TICID,t0,per,depth,converged,conv_on_run
0,20182780,1940.2160422627,20.76564596276777,0.02571742029483944,False,
