,TICID,t0,per,depth,converged,conv_on_run
0,20182780,1941.5970422627,15.625328146896544,0.020923372382866186,False,
