,TICID,t0,per,depth,converged,conv_on_run
0,20182780,2671.4374208503564,22.181350173880677,0.009248396287097808,False,
