,TICID,t0,per,depth,converged,conv_on_run
0,20182780,2684.8074208503563,16.065116712288464,0.01006000488207457,False,
