,TICID,t0,per,depth,converged,conv_on_run
0,218795833,1535.1977107736716,,0.9608864457643931,False,
