,TICID,t0,per,depth,converged,conv_on_run
0,220479565,1385.5437822245476,3.69772284031309,0.004572037547824715,False,
