,TICID,t0,per,depth,converged,conv_on_run
0,22233480,2396.41173532145,7.446213153691517,0.00460604520732402,False,
