,TICID,t0,per,depth,converged,conv_on_run
0,22233480,2398.14312365202,16.687590878600304,0.0011713357299608768,False,
