,TICID,t0,per,depth,converged,conv_on_run
0,231702397,1347.7744190910519,22.58561808366783,0.0094097899373115,False,
