,TICID,t0,per,depth,converged,conv_on_run
0,231702397,1347.3945858598056,31.670980454306573,0.013121163862058043,False,
