,TICID,t0,per,depth,converged,conv_on_run
0,233602827,1697.233473979935,39.718682585598145,0.009865911132584653,False,
