,TICID,t0,per,depth,converged,conv_on_run
0,233602827,2597.103673538373,48.92494588845841,0.0029200555704286834,False,
