,TICID,t0,per,depth,converged,conv_on_run
0,233602827,2405.629111742598,32.07054760396074,0.0016398637351729493,False,
