,TICID,t0,per,depth,converged,conv_on_run
0,235678745,2391.320922733313,43.39611788286945,0.0007444956157054515,False,
