,TICID,t0,per,depth,converged,conv_on_run
0,235678745,2426.965472585239,,0.9953012029604169,False,
