,TICID,t0,per,depth,converged,conv_on_run
0,239332587,2817.4225654500633,,0.9970699113554377,False,
