,TICID,t0,per,depth,converged,conv_on_run
0,243641947,2337.4022556826667,2.593232726388116,0.025423696311604415,False,
