,TICID,t0,per,depth,converged,conv_on_run
0,246965431,1792.170074557235,13.574410291203176,0.002047566987590201,False,
