,TICID,t0,per,depth,converged,conv_on_run
0,259377017,1421.274210407512,47.06794081912689,0.004568908007019465,False,
