,TICID,t0,per,depth,converged,conv_on_run
0,259377017,1383.836210407512,5.660591399796268,0.0046465926679300695,False,
