,TICID,t0,per,depth,converged,conv_on_run
0,259377017,2174.3402351413683,11.642885994242247,0.003963935010396923,False,
