,TICID,t0,per,depth,converged,conv_on_run
0,259377017,1385.118909422987,36.15229235896283,0.006663593794261187,False,
