,TICID,t0,per,depth,converged,conv_on_run
0,259377017,1396.548210407512,22.283620679425553,0.0020113590272182193,False,
