,TICID,t0,per,depth,converged,conv_on_run
0,260004324,1406.3270185680458,,0.994270961409329,False,
