,TICID,t0,per,depth,converged,conv_on_run
0,260004324,1344.2574080125714,26.143404321640098,0.006992213129795692,False,
