,TICID,t0,per,depth,converged,conv_on_run
0,260004324,2061.174783891694,41.059013309998626,0.003744533383666855,False,
