,TICID,t0,per,depth,converged,conv_on_run
0,260004324,1341.693737730663,22.809991423911754,0.0003822079503906212,False,
