,TICID,t0,per,depth,converged,conv_on_run
0,260004324,2165.3385694335548,,0.9952131636567814,False,
