,TICID,t0,per,depth,converged,conv_on_run
0,26054627,2470.3551437607243,37.1726864593464,0.0066060097331769214,False,
