,TICID,t0,per,depth,converged,conv_on_run
0,26054627,2456.197143760724,24.86703301225395,0.013023516497101711,False,
