,TICID,t0,per,depth,converged,conv_on_run
0,260708537,1625.8270242044623,,0.9972881840500375,False,
