,TICID,t0,per,depth,converged,conv_on_run
0,261257684,2345.93122972017,21.9131345897579,0.0014539473847256198,False,
