,TICID,t0,per,depth,converged,conv_on_run
0,261257684,2050.356373444422,,0.9937286348655973,False,
