,TICID,t0,per,depth,converged,conv_on_run
0,261257684,1629.7277616281024,29.79065338176728,0.0012770610635381573,False,
