,TICID,t0,per,depth,converged,conv_on_run
0,261257684,2040.299380539444,10.01464221297136,0.0019040017908914303,False,
