,TICID,t0,per,depth,converged,conv_on_run
0,261257684,2360.4482297201703,27.016308838368346,0.0014802640527030323,False,
