,TICID,t0,per,depth,converged,conv_on_run
0,262530407,2089.4007546503617,2.8530409997127335,0.0013785634622823656,False,
