,TICID,t0,per,depth,converged,conv_on_run
0,262530407,1356.1606164112789,2.853074673531918,0.0014535844996302002,False,
