,TICID,t0,per,depth,converged,conv_on_run
0,271971130,2369.095213092894,9.64575857534566,0.006384910449077766,False,
