,TICID,t0,per,depth,converged,conv_on_run
0,27649847,2514.8035879483305,47.109320259938954,0.0055656089078271985,False,
