,TICID,t0,per,depth,converged,conv_on_run
0,27649847,1492.4372337292637,13.107267700218566,0.004127841196497687,False,
