,TICID,t0,per,depth,converged,conv_on_run
0,285048486,2590.36070779722,,0.9916607114656592,False,
