,TICID,t0,per,depth,converged,conv_on_run
0,286201103,1713.119958862754,22.442199338424892,0.005939608765485381,False,
