,TICID,t0,per,depth,converged,conv_on_run
0,289164482,2397.4267702464904,14.577004196022786,0.0009373824998930832,False,
