,TICID,t0,per,depth,converged,conv_on_run
0,289164482,2762.729451344172,30.128815052723922,0.0008123487087716471,False,
