,TICID,t0,per,depth,converged,conv_on_run
0,296739893,2266.4533315960894,11.263043461288165,0.003341055786162403,False,
