,TICID,t0,per,depth,converged,conv_on_run
0,298074836,1703.502795804786,20.194570962540993,0.006056976949285761,False,
