,TICID,t0,per,depth,converged,conv_on_run
0,299798795,2049.145380539444,30.644044676459522,0.007506232941033671,False,
