,TICID,t0,per,depth,converged,conv_on_run
0,299798795,1659.252759471184,20.81109967670552,0.003788643963079986,False,
