,TICID,t0,per,depth,converged,conv_on_run
0,299798795,2044.1581852992608,20.870290027967016,0.0036292447223724117,False,
