,TICID,t0,per,depth,converged,conv_on_run
0,299798795,2036.7373805394438,22.131024872453175,0.004173532230388071,False,
