,TICID,t0,per,depth,converged,conv_on_run
0,299798795,2039.1957016527456,27.029335376745276,0.003262380309574475,False,
