,TICID,t0,per,depth,converged,conv_on_run
0,299798795,2037.9746530569491,29.51338415404266,0.004080280520972029,False,
