,TICID,t0,per,depth,converged,conv_on_run
0,299798795,2040.421653056949,28.30468700317235,0.004489966840777588,False,
