,TICID,t0,per,depth,converged,conv_on_run
0,299798795,2052.7187016527455,24.591314076476657,0.0036669950232394197,False,
