,TICID,t0,per,depth,converged,conv_on_run
0,306996324,2313.596269649354,10.943592710527993,0.0010000756195249283,False,
