,TICID,t0,per,depth,converged,conv_on_run
0,307210830,1378.4155100037465,39.28663569672201,0.004586840241660081,False,
