,TICID,t0,per,depth,converged,conv_on_run
0,307210830,1361.5696734776038,10.884322627869736,0.0012219500401559954,False,
