,TICID,t0,per,depth,converged,conv_on_run
0,307210830,2081.1054238399665,21.304801776186615,0.001389579594931515,False,
