,TICID,t0,per,depth,converged,conv_on_run
0,307809773,2478.525181977537,2.770999999999731,0.0006423891097635856,False,
