,TICID,t0,per,depth,converged,conv_on_run
0,321669174,1981.062147694061,34.81777061135572,0.0014540929262365713,False,
