,TICID,t0,per,depth,converged,conv_on_run
0,321669174,1850.5289506866898,,0.9958187781735228,False,
