,TICID,t0,per,depth,converged,conv_on_run
0,321669174,2401.8819742431033,43.16613008530817,0.001195996425119876,False,
