,TICID,t0,per,depth,converged,conv_on_run
0,321669174,1842.76486923842,24.297192325503268,0.0029212531474133658,False,
