,TICID,t0,per,depth,converged,conv_on_run
0,321669174,2757.4505485178984,,0.9928562560407848,False,
