,TICID,t0,per,depth,converged,conv_on_run
0,328081248,2772.341673655091,14.031343507555935,0.0032002814600250447,False,
