,TICID,t0,per,depth,converged,conv_on_run
0,336128819,2023.0729719240044,27.94611375054248,0.0014642411127086506,False,
