,TICID,t0,per,depth,converged,conv_on_run
0,336128819,2017.68863089031,7.852121589559738,0.0037155375005190486,False,
