,TICID,t0,per,depth,converged,conv_on_run
0,336128819,2752.188417230685,40.51557773563342,0.001929615827343643,False,
