,TICID,t0,per,depth,converged,conv_on_run
0,336128819,2025.0459719240046,41.116385871748484,0.0029370434022844344,False,
