,TICID,t0,per,depth,converged,conv_on_run
0,336128819,2012.2219719240045,30.830555751093353,0.0034843162545818104,False,
