,TICID,t0,per,depth,converged,conv_on_run
0,336128819,2012.1998205609495,10.996429779168539,0.0038848833238174126,False,
