,TICID,t0,per,depth,converged,conv_on_run
0,336128819,2010.36963089031,7.333633444683278,0.00562648171828557,False,
