,TICID,t0,per,depth,converged,conv_on_run
0,34068865,2274.0956222022705,29.73754232793647,0.0005948731803604221,False,
