,TICID,t0,per,depth,converged,conv_on_run
0,34068865,1566.1144575269918,25.46301573277962,0.0007028098987368259,False,
