,TICID,t0,per,depth,converged,conv_on_run
0,34068865,1553.120457526992,34.33696982376503,0.0006587332555666865,False,
