,TICID,t0,per,depth,converged,conv_on_run
0,34068865,2260.949622202271,31.58680728628271,0.001134996130639352,False,
