,TICID,t0,per,depth,converged,conv_on_run
0,34068865,2266.8756222022707,32.880397558061304,0.0035932508450257383,False,
