,TICID,t0,per,depth,converged,conv_on_run
0,343628284,1734.917958862754,37.6247003239138,0.0060311111539660695,False,
