,TICID,t0,per,depth,converged,conv_on_run
0,348755728,1535.4957911975284,24.018418770563752,0.035437137371956626,False,
