,TICID,t0,per,depth,converged,conv_on_run
0,35009898,2292.534941552498,10.323796844926788,0.0034483491822725155,False,
