,TICID,t0,per,depth,converged,conv_on_run
0,353475866,2480.858616685697,30.482997615908747,0.0006976875305800502,False,
