,TICID,t0,per,depth,converged,conv_on_run
0,359271092,1549.785330564929,21.412338069747396,0.0004156804308325636,False,
