,TICID,t0,per,depth,converged,conv_on_run
0,359271092,1553.080330564929,36.38806193920445,0.000413013782363367,False,
