,TICID,t0,per,depth,converged,conv_on_run
0,359271092,1554.256330564929,12.951237190222313,0.0012488402546721982,False,
