,TICID,t0,per,depth,converged,conv_on_run
0,359271092,2299.6933876057665,16.417542231781486,0.0014029774063118445,False,
