,TICID,t0,per,depth,converged,conv_on_run
0,359271092,1571.717330564929,40.04408812450145,0.001270187674517022,False,
