,TICID,t0,per,depth,converged,conv_on_run
0,359271092,1563.4313305649289,32.19283771401619,0.0005654519959378186,False,
