,TICID,t0,per,depth,converged,conv_on_run
0,359271092,1546.723330564929,2.545907477009756,0.001247259312549011,False,
