,TICID,t0,per,depth,converged,conv_on_run
0,359271092,2292.777666835206,11.100820497648773,0.0005814145665463374,False,
