,TICID,t0,per,depth,converged,conv_on_run
0,359271092,2292.5163876057663,18.894251087314114,0.0007253649809593626,False,
