,TICID,t0,per,depth,converged,conv_on_run
0,359271092,1560.366330564929,35.22144491521632,0.0007288244649912521,False,
