,TICID,t0,per,depth,converged,conv_on_run
0,359271092,1559.428330564929,27.371372173679315,0.0015998553503302586,False,
