,TICID,t0,per,depth,converged,conv_on_run
0,362249359,1563.3941777974085,43.33723977599282,0.0005444342273820544,False,
