,TICID,t0,per,depth,converged,conv_on_run
0,362249359,2299.693012403137,32.83224322279403,0.0013331073133363805,False,
