,TICID,t0,per,depth,converged,conv_on_run
0,362249359,1546.205829426569,1.0418913451487877,0.0003986110969374391,False,
