,TICID,t0,per,depth,converged,conv_on_run
0,362249359,1545.520829426569,45.32134014676834,0.0005092029023290469,False,
