,TICID,t0,per,depth,converged,conv_on_run
0,368287008,1956.0271999864428,3.349114109145949,0.0070677063677151005,False,
