,TICID,t0,per,depth,converged,conv_on_run
0,369327947,1626.2038814198381,2.0291004293170483,0.0010042458289782666,False,
