,TICID,t0,per,depth,converged,conv_on_run
0,369327947,2038.1115144887751,2.0293767706409365,0.0011432239931550236,False,
