,TICID,t0,per,depth,converged,conv_on_run
0,372207328,1739.6976155369923,3.0715021789225845,0.0012305585578195027,False,
