,TICID,t0,per,depth,converged,conv_on_run
0,377293776,1692.3883494614988,,0.9969781729043327,False,
