,TICID,t0,per,depth,converged,conv_on_run
0,377293776,1685.37195023914,2.043857209260259,0.00029158472017450164,False,
