,TICID,t0,per,depth,converged,conv_on_run
0,380887434,2453.794552596376,38.99871724872003,0.0005188867288177632,False,
