,TICID,t0,per,depth,converged,conv_on_run
0,380887434,2447.7735525963762,26.411569477145836,0.000857732156886025,False,
