,TICID,t0,per,depth,converged,conv_on_run
0,384888319,2455.509544344811,18.713510794147798,0.0016233954026317777,False,
