,TICID,t0,per,depth,converged,conv_on_run
0,384888319,2474.21321575221,,0.9947358458946179,False,
