,TICID,t0,per,depth,converged,conv_on_run
0,387690507,2504.987730742476,6.388021951444083,0.0227057179646854,False,
