,TICID,t0,per,depth,converged,conv_on_run
0,387690507,1470.2951818146892,6.3868968333821075,0.01631520546149868,False,
