,TICID,t0,per,depth,converged,conv_on_run
0,389900760,1800.75308820474,13.116124491766554,0.004346767364892518,False,
