,TICID,t0,per,depth,converged,conv_on_run
0,389900760,2719.1477561768497,12.86386607705187,0.005309937326449488,False,
