,TICID,t0,per,depth,converged,conv_on_run
0,396562848,1797.3046721229664,19.592310733977406,0.0016222488406892142,False,
