,TICID,t0,per,depth,converged,conv_on_run
0,396562848,1808.21916550317,21.197259283267314,0.0023768122977781275,False,
