,TICID,t0,per,depth,converged,conv_on_run
0,396562848,1799.15416550317,15.514172268201666,0.0026092083027689896,False,
