,TICID,t0,per,depth,converged,conv_on_run
0,396562848,1793.1941655031699,2.9121634455691647,0.004585447808048769,False,
