,TICID,t0,per,depth,converged,conv_on_run
0,396562848,1791.6905032818315,7.474023566092683,0.0007588782796802967,False,
