,TICID,t0,per,depth,converged,conv_on_run
0,406941612,1654.5751787797906,,0.9922073016663276,False,
