,TICID,t0,per,depth,converged,conv_on_run
0,419411415,1718.400120265876,14.310329126418647,0.00879741732624762,False,
