,TICID,t0,per,depth,converged,conv_on_run
0,419411415,1722.978120265876,13.87120208251966,0.013033475189610278,False,
