,TICID,t0,per,depth,converged,conv_on_run
0,445751830,1818.1425312278604,3.434942835775649,0.026156760079869525,False,
