,TICID,t0,per,depth,converged,conv_on_run
0,445751830,1825.0146854648287,,0.9622245612976773,False,
