,TICID,t0,per,depth,converged,conv_on_run
0,445751830,1818.1312493855175,3.4419706791527727,0.02885480020587208,False,
