,TICID,t0,per,depth,converged,conv_on_run
0,445751830,1818.141551,1.1461496666666344,0.008,False,
