,TICID,t0,per,depth,converged,conv_on_run
0,46432937,2182.8822783333344,0.7201360833332796,0.019,False,
