,TICID,t0,per,depth,converged,conv_on_run
0,46432937,1468.6304642706,1.4404441271120543,0.020846566375712874,False,
