,TICID,t0,per,depth,converged,conv_on_run
0,46432937,2174.4492013727963,1.4403303455043306,0.02173780478642505,False,
