,TICID,t0,per,depth,converged,conv_on_run
0,95057860,1470.9714642705999,3.581870499716538,0.01971914446121982,False,
