TICID,time_to_run,split_searches
235678745,7516.704168796539,"(array([    0,     1,     2, ..., 48242, 48243, 48244]),)"
TICID,time_to_run,split_searches
235678745,7085.767915010452,"(array([    0,     1,     2, ..., 48242, 48243, 48244]),)"
TICID,time_to_run,split_searches
235678745,7026.672440290451,"(array([    0,     1,     2, ..., 48242, 48243, 48244]),)"
TICID,time_to_run,split_searches
235678745,8091.545972108841,"(array([    0,     1,     2, ..., 48242, 48243, 48244]),)"
