TICID,RA,DEC,Vmag,Jmag,Tmag,Teff,eTeff_x,Rad,eRad,Mass,eMass,Rho,eRho,Dist,eDist,ContRatio,S1,S2,S3,S4,S5,S6,S7,S8,S9,S10,S11,S12,S13,S14,S15,S16,S17,S18,S19,S20,S21,S22,S23,S24,S25,S26,S27,S28,S29,S30,S31,S32,S33,S34,S35,S36,S37,S38,S39,S40,S41,S42,S43,S44,S45,S46,S47,S48,S49,S50,S51,S52,S53,S54,S55,eTeff_y,logg,elogg,M/H,eM/H,GAIA,aLSM,bLSM
36724087.0,154.64640455881,-11.7167337731632,13.14,9.007,10.5848,3331.0,157.0,0.37413901,0.0111845,0.362023,0.0202675,6.9125299,0.23270801,21.9814,0.04025,1.2474791,0.0,0.0,0.0,0.0,0.0,0.0,0.0,0.0,10.0,0.0,0.0,0.0,0.0,0.0,0.0,0.0,0.0,0.0,0.0,0.0,0.0,0.0,0.0,0.0,0.0,0.0,0.0,0.0,0.0,0.0,0.0,0.0,0.0,0.0,10.0,0.0,0.0,0.0,0.0,0.0,0.0,0.0,0.0,0.0,0.0,0.0,0.0,0.0,0.0,0.0,0.0,0.0,0.0,0.0,0.0,157.0,4.85074,0.00163431,,,3.767281845873242e+18,0.1529,0.4604
