TICID,time_to_run,split_searches
103633434,7144.494942903519,"(array([    0,     1,     2, ..., 13762, 13763, 13764]),)"
TICID,time_to_run,split_searches
103633434,5690.058509588242,"(array([    0,     1,     2, ..., 13762, 13763, 13764]),)"
TICID,time_to_run,split_searches
103633434,5582.232377767563,"(array([    0,     1,     2, ..., 13762, 13763, 13764]),)"
TICID,time_to_run,split_searches
103633434,5583.079299211502,"(array([    0,     1,     2, ..., 13762, 13763, 13764]),)"
