TICID,RA,DEC,Vmag,Jmag,Tmag,Teff,eTeff_x,Rad,eRad,Mass,eMass,Rho,eRho,Dist,eDist,ContRatio,S1,S2,S3,S4,S5,S6,S7,S8,S9,S10,S11,S12,S13,S14,S15,S16,S17,S18,S19,S20,S21,S22,S23,S24,S25,S26,S27,S28,S29,S30,S31,S32,S33,S34,S35,S36,S37,S38,S39,S40,S41,S42,S43,S44,S45,S46,S47,S48,S49,S50,S51,S52,S53,S54,S55,eTeff_y,logg,elogg,M/H,eM/H,GAIA,aLSM,bLSM
246965431.0,35.2133592446371,23.5208142421241,13.947,10.35,12.0828,3580.0,124.253,0.48456499,0.066824101,0.5,0.096184798,4.3945398,2.2739601,61.171001,0.2085,0.2954984,0.0,0.0,0.0,0.0,0.0,0.0,0.0,0.0,0.0,0.0,0.0,0.0,0.0,0.0,0.0,0.0,0.0,10.0,0.0,0.0,0.0,0.0,0.0,0.0,0.0,0.0,0.0,0.0,0.0,0.0,0.0,0.0,0.0,0.0,0.0,0.0,0.0,0.0,0.0,0.0,0.0,10.0,10.0,0.0,0.0,0.0,0.0,0.0,0.0,0.0,0.0,0.0,0.0,0.0,0.0,124.253,4.7663298,0.18245099,,,1.0246108770656102e+17,0.1671,0.4201
