TICID,time_to_run,split_searches
200322593,8849.486436367035,"(array([   0,    1,    2, ..., 9588, 9589, 9590]),)"
TICID,time_to_run,split_searches
200322593,8980.239350318909,"(array([   0,    1,    2, ..., 9588, 9589, 9590]),)"
TICID,time_to_run,split_searches
200322593,9241.568093776703,"(array([   0,    1,    2, ..., 9588, 9589, 9590]),)"
TICID,time_to_run,split_searches
200322593,11670.229331493378,"(array([   0,    1,    2, ..., 9588, 9589, 9590]),)"
