TICID,time_to_run,split_searches
150428135,5950.094478607178,"(array([   49,    50,    51, ..., 41357, 41358, 41359]),)"
TICID,time_to_run,split_searches
150428135,5456.523421525955,"(array([   49,    50,    51, ..., 41357, 41358, 41359]),)"
TICID,time_to_run,split_searches
150428135,5549.07467007637,"(array([   49,    50,    51, ..., 41357, 41358, 41359]),)"
TICID,time_to_run,split_searches
150428135,6803.554156780243,"(array([   49,    50,    51, ..., 41357, 41358, 41359]),)"
