TICID,time_to_run,split_searches
260004324,9393.923996925354,"(array([    0,     1,     2, ..., 53235, 53236, 53237]),)"
TICID,time_to_run,split_searches
260004324,9097.02180814743,"(array([    0,     1,     2, ..., 53235, 53236, 53237]),)"
TICID,time_to_run,split_searches
260004324,8983.194453716278,"(array([    0,     1,     2, ..., 53235, 53236, 53237]),)"
TICID,time_to_run,split_searches
260004324,10583.902346849442,"(array([    0,     1,     2, ..., 53235, 53236, 53237]),)"
