TICID,RA,DEC,Vmag,Jmag,Tmag,Teff,eTeff_x,Rad,eRad,Mass,eMass,Rho,eRho,Dist,eDist,ContRatio,S1,S2,S3,S4,S5,S6,S7,S8,S9,S10,S11,S12,S13,S14,S15,S16,S17,S18,S19,S20,S21,S22,S23,S24,S25,S26,S27,S28,S29,S30,S31,S32,S33,S34,S35,S36,S37,S38,S39,S40,S41,S42,S43,S44,S45,S46,S47,S48,S49,S50,S51,S52,S53,S54,S55,eTeff_y,logg,elogg,M/H,eM/H,GAIA,aLSM,bLSM
262530407.0,20.439126387292,-46.7143796925629,11.403,8.1680002,9.4927502,3639.0,157.0,0.51778603,0.0155797,0.515356,0.020425901,3.71241,0.188182,22.4751,0.02605,0.013196244,0.0,10.0,10.0,0.0,0.0,0.0,0.0,0.0,0.0,0.0,0.0,0.0,0.0,0.0,0.0,0.0,0.0,0.0,0.0,0.0,0.0,0.0,0.0,0.0,0.0,0.0,0.0,0.0,10.0,0.0,0.0,0.0,0.0,0.0,0.0,0.0,0.0,0.0,0.0,0.0,0.0,0.0,0.0,0.0,0.0,0.0,0.0,0.0,0.0,0.0,0.0,0.0,0.0,0.0,0.0,157.0,4.7218699,0.00892084,,,4.933912198893332e+18,0.2125,0.3984
