TICID,time_to_run,split_searches
35009898,3228.6181383132935,"(array([    0,     1,     2, ..., 10438, 10439, 10440]),)"
TICID,time_to_run,split_searches
35009898,3379.1327147483826,"(array([    0,     1,     2, ..., 10438, 10439, 10440]),)"
TICID,time_to_run,split_searches
35009898,4033.4153213500977,"(array([    0,     1,     2, ..., 10438, 10439, 10440]),)"
